{
    "name": "LeNet-5",
    "epochs": 2,
    "training_records": [
        {
            "training_epoch": 2,
            "accuracy": {
                "0": 99.48979591836735,
                "1": 99.29515418502203,
                "2": 98.64341085271317,
                "3": 97.82178217821782,
                "4": 99.69450101832994,
                "5": 98.87892376681614,
                "6": 98.22546972860125,
                "7": 98.15175097276264,
                "8": 98.25462012320328,
                "9": 94.64816650148661
            }
        }
    ]
}
