{
    "name": "MLP1180",
    "epochs": 20,
    "training_records": [
        {
            "training_epoch": 20,
            "accuracy": {
                "0": 98.77551020408163,
                "1": 99.03083700440529,
                "2": 97.67441860465117,
                "3": 98.81188118811882,
                "4": 97.14867617107943,
                "5": 97.42152466367713,
                "6": 98.74739039665971,
                "7": 97.76264591439688,
                "8": 97.22792607802874,
                "9": 97.81962338949455
            }
        }
    ]
}