{
    "name": "MLP1300",
    "epochs": 20,
    "training_records": [
        {
            "training_epoch": 20,
            "accuracy": {
                "0": 99.28571428571429,
                "1": 98.94273127753304,
                "2": 97.77131782945736,
                "3": 98.7128712871287,
                "4": 98.26883910386965,
                "5": 97.98206278026906,
                "6": 98.43423799582463,
                "7": 97.76264591439688,
                "8": 97.53593429158111,
                "9": 97.22497522299307
            }
        }
    ]
}