{
    "name": "MLP1240",
    "epochs": 20,
    "training_records": [
        {
            "training_epoch": 20,
            "accuracy": {
                "0": 98.87755102040816,
                "1": 99.11894273127753,
                "2": 97.86821705426357,
                "3": 98.51485148514851,
                "4": 97.55600814663951,
                "5": 97.75784753363229,
                "6": 98.64300626304802,
                "7": 98.05447470817121,
                "8": 98.04928131416838,
                "9": 98.21605550049554
            }
        }
    ]
}