{
    "name": "MLP1120",
    "epochs": 20,
    "training_records": [
        {
            "training_epoch": 20,
            "accuracy": {
                "0": 98.77551020408163,
                "1": 98.76651982378854,
                "2": 97.67441860465117,
                "3": 97.62376237623762,
                "4": 98.57433808553971,
                "5": 97.86995515695067,
                "6": 98.12108559498957,
                "7": 97.85992217898833,
                "8": 97.12525667351129,
                "9": 97.12586719524282
            }
        }
    ]
}