{
    "name": "MLP130",
    "epochs": 20,
    "training_records": [
        {
            "training_epoch": 20,
            "accuracy": {
                "0": 98.77551020408163,
                "1": 98.76651982378854,
                "2": 97.09302325581395,
                "3": 97.72277227722772,
                "4": 97.65784114052953,
                "5": 95.4035874439462,
                "6": 96.65970772442589,
                "7": 97.08171206225681,
                "8": 96.09856262833675,
                "9": 96.63032705649158
            }
        }
    ]
}