{
    "name": "MLP1150",
    "epochs": 20,
    "training_records": [
        {
            "training_epoch": 20,
            "accuracy": {
                "0": 99.08163265306122,
                "1": 99.03083700440529,
                "2": 97.67441860465117,
                "3": 98.21782178217822,
                "4": 97.9633401221996,
                "5": 97.6457399103139,
                "6": 98.53862212943632,
                "7": 97.27626459143968,
                "8": 97.22792607802874,
                "9": 97.7205153617443
            }
        }
    ]
}