{
    "name": "MLP1210",
    "epochs": 20,
    "training_records": [
        {
            "training_epoch": 20,
            "accuracy": {
                "0": 98.87755102040816,
                "1": 99.20704845814979,
                "2": 97.38372093023256,
                "3": 98.21782178217822,
                "4": 98.06517311608961,
                "5": 97.08520179372198,
                "6": 98.74739039665971,
                "7": 97.95719844357977,
                "8": 98.25462012320328,
                "9": 97.62140733399406
            }
        }
    ]
}