{
    "name": "MLP160",
    "epochs": 20,
    "training_records": [
        {
            "training_epoch": 20,
            "accuracy": {
                "0": 98.06122448979592,
                "1": 99.11894273127753,
                "2": 97.09302325581395,
                "3": 96.73267326732673,
                "4": 97.9633401221996,
                "5": 96.97309417040358,
                "6": 98.01670146137788,
                "7": 97.08171206225681,
                "8": 97.3305954825462,
                "9": 97.32408325074331
            }
        }
    ]
}