{
    "name": "MLP190",
    "epochs": 20,
    "training_records": [
        {
            "training_epoch": 20,
            "accuracy": {
                "0": 98.77551020408163,
                "1": 99.03083700440529,
                "2": 97.28682170542636,
                "3": 98.01980198019803,
                "4": 97.65784114052953,
                "5": 97.08520179372198,
                "6": 97.59916492693111,
                "7": 98.24902723735408,
                "8": 97.63860369609856,
                "9": 97.7205153617443
            }
        }
    ]
}