{
    "name": "MLP1270",
    "epochs": 20,
    "training_records": [
        {
            "training_epoch": 20,
            "accuracy": {
                "0": 99.28571428571429,
                "1": 99.11894273127753,
                "2": 97.77131782945736,
                "3": 98.41584158415841,
                "4": 98.16700610997964,
                "5": 97.53363228699551,
                "6": 98.01670146137788,
                "7": 97.85992217898833,
                "8": 97.84394250513347,
                "9": 97.42319127849356
            }
        }
    ]
}