{
    "name": "MLP2_300100",
    "epochs": 100,
    "training_records": [
        {
            "training_epoch": 100,
            "accuracy": {
                "0": 99.18367346938776,
                "1": 99.03083700440529,
                "2": 97.96511627906976,
                "3": 98.01980198019803,
                "4": 98.16700610997964,
                "5": 97.86995515695067,
                "6": 98.12108559498957,
                "7": 97.85992217898833,
                "8": 97.84394250513347,
                "9": 98.01783944499505
            }
        }
    ]
}